<?xml version="1.0" encoding="UTF-8"?>
<project-private xmlns="http://www.netbeans.org/ns/project-private/1">
    <editor-bookmarks xmlns="http://www.netbeans.org/ns/editor-bookmarks/2" lastBookmarkId="0"/>
    <open-files xmlns="http://www.netbeans.org/ns/projectui-open-files/2">
        <group>
            <file>file:/C:/Users/Akash/OneDrive/Desktop/Vino%20Engineers%20Project/VinoEngineers/src/GUI/ManageUser.java</file>
            <file>file:/C:/Users/Akash/OneDrive/Desktop/Vino%20Engineers%20Project/VinoEngineers/src/GUI/StockDetails.java</file>
            <file>file:/C:/Users/Akash/OneDrive/Desktop/Vino%20Engineers%20Project/VinoEngineers/src/GUI/IssueReturnStock.java</file>
            <file>file:/C:/Users/Akash/OneDrive/Desktop/Vino%20Engineers%20Project/VinoEngineers/src/Code/JavaEmailSender.java</file>
            <file>file:/C:/Users/Akash/OneDrive/Desktop/Vino%20Engineers%20Project/VinoEngineers/src/GUI/ManageSupplierUI.java</file>
            <file>file:/C:/Users/Akash/OneDrive/Desktop/Vino%20Engineers%20Project/VinoEngineers/src/GUI/ManageToolsUI.java</file>
            <file>file:/C:/Users/Akash/OneDrive/Desktop/Vino%20Engineers%20Project/VinoEngineers/src/GUI/ManageReminders.java</file>
            <file>file:/C:/Users/Akash/OneDrive/Desktop/Vino%20Engineers%20Project/VinoEngineers/src/GUI/LoginUI.java</file>
            <file>file:/C:/Users/Akash/OneDrive/Desktop/Vino%20Engineers%20Project/VinoEngineers/src/GUI/StockReportUI.java</file>
        </group>
    </open-files>
</project-private>
